id,galaxy,z,log_mbar,log_mbar_err,re_kpc,re_err,fdm,fdm_err,vc_kms,vc_err
1,U4 38210,0.61,10.99,0.13,8.10,1.53,0.44,0.13,240,48
2,U4 20688,0.63,10.81,0.11,9.57,1.65,0.67,0.13,275,55
3,EGS3 10098,0.66,10.93,0.11,2.95,0.92,0.14,0.12,271,54
4,U3 21388,0.67,10.64,0.18,7.81,1.28,0.70,0.13,205,41
5,EGS4 21351,0.73,10.61,0.14,4.16,1.66,0.06,0.08,159,32
6,GS4 00984,0.73,9.72,0.21,5.25,1.67,0.79,0.14,116,23
7,EGS4 11261,0.75,11.12,0.08,5.02,1.22,0.20,0.10,294,59
8,GS4 13143,0.76,10.33,0.11,5.51,1.26,0.41,0.13,147,29
9,U3 08493,0.79,11.08,0.11,3.79,1.01,0.10,0.11,267,53
10,COS4 05656,0.8,10.61,0.10,4.99,1.39,0.27,0.12,181,36
11,COS4 05925,0.8,10.95,0.15,5.72,1.08,0.36,0.17,257,51
12,U3 03856,0.8,10.62,0.17,7.54,1.55,0.64,0.20,212,42
13,U3 05138,0.81,10.46,0.11,7.60,1.46,0.38,0.16,136,27
14,U4 42393,0.82,11.15,0.10,2.61,0.73,0.08,0.07,335,67
15,GS4 03228,0.82,10.08,0.17,6.79,1.46,0.70,0.13,142,28
16,GS4 32976,0.83,10.70,0.09,7.73,1.45,0.57,0.09,235,47
17,GS3 23200,0.83,10.25,0.18,6.72,1.49,0.63,0.16,127,25
18,COS4 01351,0.85,11.13,0.11,7.52,1.41,0.38,0.09,267,53
19,COS4 06487,0.91,10.91,0.09,4.97,1.50,0.38,0.10,286,57
20,COS3 18434,0.91,10.73,0.10,6.75,1.57,0.50,0.14,232,46
21,U4 19954,0.91,11.21,0.07,8.63,1.28,0.17,0.12,260,52
22,COS3 22796,0.91,10.61,0.19,9.93,1.71,0.53,0.19,152,30
23,U4 13849,0.91,10.88,0.12,6.79,1.35,0.31,0.13,213,43
24,U4 22199,0.91,10.46,0.06,4.93,1.19,0.02,0.04,117,23
25,U3 15226,0.92,10.72,0.10,5.79,1.28,0.28,0.12,182,36
26,GS4 05881,0.99,10.21,0.13,5.71,1.41,0.74,0.11,193,39
27,GS3 30840,1.02,10.51,0.13,5.82,1.64,0.65,0.11,207,41
28,GS4 29973,1.02,9.90,0.20,5.09,1.54,0.74,0.12,135,27
29,GS3 27242,1.02,10.85,0.10,2.85,0.88,0.12,0.08,259,52
30,COS3 16954,1.03,10.90,0.10,8.26,1.47,0.59,0.10,269,54
31,COS3 04796,1.03,11.18,0.11,9.60,1.58,0.42,0.11,266,53
32,EGS 13035123,1.12,11.08,0.09,10.19,1.63,0.19,0.13,196,39
33,EGS 13004291,1.2,11.11,0.06,3.65,1.02,0.04,0.06,284,57
34,EGS 13003805,1.23,11.46,0.07,5.94,1.18,0.05,0.08,321,64
35,GS4 30432,1.31,10.66,0.11,7.21,1.62,0.52,0.12,208,42
36,GS4 14356,1.36,10.72,0.19,5.59,1.26,0.46,0.23,193,39
37,EGS4 38153,1.36,11.16,0.16,5.11,1.28,0.35,0.14,314,63
38,GS4 27441,1.38,11.06,0.17,7.21,1.55,0.46,0.15,271,54
39,EGS4 24985,1.4,11.03,0.10,4.64,1.12,0.31,0.12,288,58
40,U4 27256,1.42,10.83,0.13,6.37,1.42,0.14,0.10,168,34
41,U4 32570,1.42,10.81,0.14,8.01,1.66,0.55,0.13,252,50
42,U4 28358,1.42,10.98,0.11,3.14,1.23,0.15,0.11,294,59
43,zC 403741,1.45,10.55,0.06,3.01,0.98,0.08,0.10,180,36
44,U4 33383,1.48,10.05,0.12,4.98,1.34,0.28,0.17,92,18
45,COS4 10048,1.5,10.56,0.12,7.48,1.41,0.47,0.11,160,32
46,D3a 6397,1.5,11.24,0.06,6.54,1.27,0.13,0.10,225,45
47,U4 31577,1.52,11.06,0.10,6.49,1.48,0.53,0.09,347,69
48,U4 35796,1.53,11.18,0.14,7.29,1.15,0.12,0.14,225,45
49,COS4 13890,1.53,11.44,0.07,7.19,1.75,0.34,0.08,412,82
50,EGS 13011166,1.53,11.25,0.08,6.89,1.33,0.26,0.11,320,64
51,COS4 24012,1.53,10.48,0.10,4.81,1.11,0.19,0.12,139,28
52,COS4 17808,1.59,10.75,0.10,4.46,1.55,0.10,0.10,226,45
53,GK 2540,1.61,10.52,0.16,3.13,1.02,0.27,0.18,155,31
54,GS4 43501,1.61,10.88,0.10,4.88,1.14,0.31,0.08,240,48
55,GS4 14152,1.62,11.52,0.09,6.93,1.26,0.14,0.09,350,70
56,GS4 16814,1.62,10.89,0.06,5.00,1.39,0.06,0.06,227,45
57,U4 34480,1.65,10.25,0.12,1.57,0.62,0.27,0.12,193,39
58,COS4 05606,1.66,10.63,0.16,4.29,1.39,0.35,0.12,205,41
59,U4 19708,1.66,10.84,0.08,5.88,1.55,0.32,0.10,219,44
60,GS3 15675,2.0,10.76,0.17,7.39,1.35,0.56,0.20,206,41
61,zC 412369,2.02,10.64,0.19,4.38,1.31,0.45,0.21,197,39
62,K20 ID9,2.04,10.91,0.13,7.11,1.40,0.45,0.15,234,47
63,COS4 10347,2.06,10.81,0.11,5.19,1.46,0.21,0.18,220,44
64,COS4 13174,2.1,11.28,0.07,6.99,0.94,0.16,0.10,268,54
65,GS4 01529,2.12,11.33,0.12,4.50,1.06,0.11,0.10,313,61
66,CDFS 2954,2.13,10.97,0.20,4.29,1.07,0.55,0.21,324,65
67,zC 405501,2.15,10.68,0.14,7.13,1.03,0.21,0.14,89,18
68,COS4 08775,2.16,10.46,0.14,4.24,1.37,0.17,0.13,129,26
69,COS4 05094,2.17,10.77,0.12,4.95,1.05,0.30,0.16,223,45
70,SSA22 MD41,2.17,10.46,0.32,7.61,1.31,0.74,0.20,190,38
71,BX389,2.17,11.05,0.18,6.95,1.01,0.56,0.13,302,60
72,U4 36568,2.18,11.19,0.08,3.71,1.38,0.03,0.06,342,68
73,zC 407302,2.18,10.74,0.09,4.64,1.16,0.40,0.09,225,45
74,GS3 24273,2.19,10.84,0.08,7.69,1.40,0.27,0.10,211,42
75,U4 20704,2.19,11.39,0.10,8.89,1.41,0.19,0.13,234,47
76,COS4 05433,2.19,10.80,0.11,5.40,1.27,0.22,0.15,206,41
77,zC 406690,2.2,11.05,0.04,4.82,1.21,0.04,0.06,276,55
78,BX610,2.21,11.04,0.11,5.24,1.41,0.38,0.10,307,61
79,K20 ID8,2.22,10.70,0.10,5.67,1.49,0.16,0.12,168,34
80,U3 10584,2.22,10.61,0.15,6.17,1.44,0.40,0.18,181,36
81,K20 ID7,2.22,11.04,0.23,7.50,1.77,0.65,0.17,282,56
82,U4 13704,2.22,10.62,0.19,3.59,1.08,0.41,0.21,193,39
83,K20 ID5,2.22,11.18,0.08,2.48,1.09,0.07,0.08,174,35
84,K20 ID6,2.24,10.66,0.12,5.19,1.10,0.27,0.17,154,31
85,zC 400569,2.24,10.95,0.07,4.31,1.31,0.16,0.09,241,48
86,BX482,2.26,10.97,0.17,5.98,1.03,0.60,0.15,285,57
87,J0901+1814,2.26,11.09,0.07,4.33,0.85,0.06,0.06,209,42
88,zC 405226,2.29,10.19,0.14,6.15,1.37,0.69,0.10,167,33
89,COS4 02672,2.31,10.83,0.18,7.11,1.32,0.40,0.22,199,40
90,U3 06856,2.31,10.56,0.14,2.48,0.86,0.26,0.18,195,39
91,D3a 15504,2.38,11.11,0.08,6.61,1.23,0.24,0.09,234,47
92,D3a 6004,2.39,11.47,0.08,5.52,1.20,0.10,0.11,359,72
93,zC 400528,2.39,10.87,0.06,1.75,0.78,0.03,0.10,308,62
94,GS4 37124,2.43,10.73,0.10,4.14,1.15,0.39,0.13,253,51
95,COS4 06079,2.44,11.03,0.12,5.26,1.37,0.07,0.13,239,48
96,zC 413597,2.45,10.13,0.11,2.02,1.34,0.09,0.11,136,26
97,GS4 42930,2.45,10.39,0.09,3.67,0.88,0.28,0.13,154,31
98,zC 410041,2.45,9.88,0.19,4.45,1.49,0.63,0.19,124,25
99,COS4 19753,2.47,10.59,0.12,4.22,1.06,0.08,0.12,134,27
100,U3 25105,2.52,11.06,0.07,5.72,1.45,0.08,0.08,239,48
